[{"model": "admin.logentry", "pk": 1, "fields": {"action_time": "2022-07-21T10:58:38.394Z", "user": 3, "content_type": null, "object_id": "1", "object_repr": "[adminnn: 12345678901; adminnn@admin.su]", "action_flag": 2, "change_message": "[{\"changed\": {\"fields\": [\"Password\"]}}]"}}, {"model": "admin.logentry", "pk": 2, "fields": {"action_time": "2022-07-21T10:59:22.057Z", "user": 3, "content_type": null, "object_id": "3", "object_repr": "[admin: None; admin@admin.su]", "action_flag": 2, "change_message": "[{\"changed\": {\"fields\": [\"\\u042d\\u043b\\u0435\\u043a\\u0442\\u0440\\u043e\\u043d\\u043d\\u0430\\u044f \\u043f\\u043e\\u0447\\u0442\\u0430\", \"\\u041f\\u043e\\u043b\", \"\\u0412\\u043e\\u0437\\u0440\\u0430\\u0441\\u0442\"]}}]"}}, {"model": "admin.logentry", "pk": 3, "fields": {"action_time": "2022-07-21T10:59:48.303Z", "user": 3, "content_type": null, "object_id": "21", "object_repr": "[admin] some simple test text", "action_flag": 2, "change_message": "[{\"changed\": {\"fields\": [\"\\u0410\\u0432\\u0442\\u043e\\u0440\"]}}]"}}, {"model": "admin.logentry", "pk": 4, "fields": {"action_time": "2022-07-21T10:59:53.638Z", "user": 3, "content_type": null, "object_id": "20", "object_repr": "[admin] some simple test text", "action_flag": 2, "change_message": "[{\"changed\": {\"fields\": [\"\\u0410\\u0432\\u0442\\u043e\\u0440\"]}}]"}}, {"model": "admin.logentry", "pk": 5, "fields": {"action_time": "2022-07-21T10:59:59.589Z", "user": 3, "content_type": null, "object_id": "19", "object_repr": "[admin] some simple test text", "action_flag": 2, "change_message": "[{\"changed\": {\"fields\": [\"\\u0410\\u0432\\u0442\\u043e\\u0440\"]}}]"}}, {"model": "admin.logentry", "pk": 6, "fields": {"action_time": "2022-07-21T11:00:09.996Z", "user": 3, "content_type": null, "object_id": "3", "object_repr": "[admin] some simple test text", "action_flag": 2, "change_message": "[{\"changed\": {\"fields\": [\"\\u0410\\u0432\\u0442\\u043e\\u0440\"]}}]"}}, {"model": "admin.logentry", "pk": 7, "fields": {"action_time": "2022-07-21T11:00:16.810Z", "user": 3, "content_type": null, "object_id": "18", "object_repr": "[admin] some simple test text", "action_flag": 2, "change_message": "[{\"changed\": {\"fields\": [\"\\u0410\\u0432\\u0442\\u043e\\u0440\"]}}]"}}, {"model": "admin.logentry", "pk": 8, "fields": {"action_time": "2022-07-21T11:00:25.016Z", "user": 3, "content_type": null, "object_id": "17", "object_repr": "[admin] some simple test text", "action_flag": 2, "change_message": "[{\"changed\": {\"fields\": [\"\\u0410\\u0432\\u0442\\u043e\\u0440\"]}}]"}}, {"model": "admin.logentry", "pk": 9, "fields": {"action_time": "2022-07-21T11:00:32.220Z", "user": 3, "content_type": null, "object_id": "16", "object_repr": "[admin] some simple test text", "action_flag": 2, "change_message": "[{\"changed\": {\"fields\": [\"\\u0410\\u0432\\u0442\\u043e\\u0440\"]}}]"}}, {"model": "admin.logentry", "pk": 10, "fields": {"action_time": "2022-07-21T11:00:36.949Z", "user": 3, "content_type": null, "object_id": "15", "object_repr": "[admin] some simple test text", "action_flag": 2, "change_message": "[{\"changed\": {\"fields\": [\"\\u0410\\u0432\\u0442\\u043e\\u0440\"]}}]"}}, {"model": "admin.logentry", "pk": 11, "fields": {"action_time": "2022-07-21T11:00:42.441Z", "user": 3, "content_type": null, "object_id": "14", "object_repr": "[admin] some simple test text", "action_flag": 2, "change_message": "[{\"changed\": {\"fields\": [\"\\u0410\\u0432\\u0442\\u043e\\u0440\"]}}]"}}, {"model": "admin.logentry", "pk": 12, "fields": {"action_time": "2022-07-21T11:00:47.147Z", "user": 3, "content_type": null, "object_id": "13", "object_repr": "[admin] some simple test text", "action_flag": 2, "change_message": "[{\"changed\": {\"fields\": [\"\\u0410\\u0432\\u0442\\u043e\\u0440\"]}}]"}}, {"model": "admin.logentry", "pk": 13, "fields": {"action_time": "2022-07-21T11:00:51.643Z", "user": 3, "content_type": null, "object_id": "12", "object_repr": "[admin] some simple test text", "action_flag": 2, "change_message": "[{\"changed\": {\"fields\": [\"\\u0410\\u0432\\u0442\\u043e\\u0440\"]}}]"}}, {"model": "admin.logentry", "pk": 14, "fields": {"action_time": "2022-07-21T11:00:56.902Z", "user": 3, "content_type": null, "object_id": "11", "object_repr": "[admin] some simple test text", "action_flag": 2, "change_message": "[{\"changed\": {\"fields\": [\"\\u0410\\u0432\\u0442\\u043e\\u0440\"]}}]"}}, {"model": "admin.logentry", "pk": 15, "fields": {"action_time": "2022-07-21T11:01:01.663Z", "user": 3, "content_type": null, "object_id": "10", "object_repr": "[admin] some simple test text", "action_flag": 2, "change_message": "[{\"changed\": {\"fields\": [\"\\u0410\\u0432\\u0442\\u043e\\u0440\"]}}]"}}, {"model": "admin.logentry", "pk": 16, "fields": {"action_time": "2022-07-21T11:01:06.726Z", "user": 3, "content_type": null, "object_id": "9", "object_repr": "[admin] some simple test text", "action_flag": 2, "change_message": "[{\"changed\": {\"fields\": [\"\\u0410\\u0432\\u0442\\u043e\\u0440\"]}}]"}}, {"model": "admin.logentry", "pk": 17, "fields": {"action_time": "2022-07-21T11:01:10.563Z", "user": 3, "content_type": null, "object_id": "8", "object_repr": "[admin] some simple test text", "action_flag": 2, "change_message": "[{\"changed\": {\"fields\": [\"\\u0410\\u0432\\u0442\\u043e\\u0440\"]}}]"}}, {"model": "admin.logentry", "pk": 18, "fields": {"action_time": "2022-07-21T11:01:15.272Z", "user": 3, "content_type": null, "object_id": "7", "object_repr": "[admin] some simple test text", "action_flag": 2, "change_message": "[{\"changed\": {\"fields\": [\"\\u0410\\u0432\\u0442\\u043e\\u0440\"]}}]"}}, {"model": "admin.logentry", "pk": 19, "fields": {"action_time": "2022-07-21T11:01:19.977Z", "user": 3, "content_type": null, "object_id": "6", "object_repr": "[admin] some simple test text", "action_flag": 2, "change_message": "[{\"changed\": {\"fields\": [\"\\u0410\\u0432\\u0442\\u043e\\u0440\"]}}]"}}, {"model": "admin.logentry", "pk": 20, "fields": {"action_time": "2022-07-21T11:01:25.053Z", "user": 3, "content_type": null, "object_id": "5", "object_repr": "[admin] some simple test text", "action_flag": 2, "change_message": "[{\"changed\": {\"fields\": [\"\\u0410\\u0432\\u0442\\u043e\\u0440\"]}}]"}}, {"model": "admin.logentry", "pk": 21, "fields": {"action_time": "2022-07-21T11:01:30.276Z", "user": 3, "content_type": null, "object_id": "4", "object_repr": "[admin] some simple test text new", "action_flag": 2, "change_message": "[{\"changed\": {\"fields\": [\"\\u0410\\u0432\\u0442\\u043e\\u0440\"]}}]"}}, {"model": "admin.logentry", "pk": 22, "fields": {"action_time": "2022-07-21T11:01:38.682Z", "user": 3, "content_type": null, "object_id": "1", "object_repr": "[adminnn: 12345678901; adminnn@admin.su]", "action_flag": 3, "change_message": ""}}, {"model": "sessions.session", "pk": "jnvwpx7z7mxsoa1uouw7rwe93z4v2ti1", "fields": {"session_data": ".eJxVjDsOwjAQBe_iGln-4Q8lfc5g7dprHEC2FCcV4u4QKQW0b2bei0XY1hq3QUucM7swzU6_G0J6UNtBvkO7dZ56W5cZ-a7wgw4-9UzP6-H-HVQY9Vt7CQoDJK3BnRGtKd4kLwVmX4ShEjyRAzBWZGelCoQFHSqrPSpngmPvD_SdOBE:1oETst:wSP4Yb3pFUW50mx704fod7MHhhX0J6HQwKCZ2JSx7P4", "expire_date": "2022-08-04T10:58:23.225Z"}}, {"model": "api.user", "pk": 2, "fields": {"password": "pbkdf2_sha256$320000$jSN3RCPARqYsiw089NuvjP$YVMfFsJEpgGO0PuPNJTwMC1v9cgHFm/SMwyG3PEOiDU=", "last_login": null, "is_superuser": false, "first_name": "", "last_name": "", "is_staff": false, "is_active": true, "date_joined": "2022-07-20T08:53:12Z", "phone": 79991112233, "email": "user@admin.su", "username": "user", "about": "user`s about", "gender": "W", "age": 77, "register_date": "2022-07-20T08:53:12.013Z", "groups": [], "user_permissions": []}}, {"model": "api.user", "pk": 3, "fields": {"password": "pbkdf2_sha256$320000$TJCpxl2po5P5D6iZdQ7UWF$Ehw/tNtV5aWwRr5k4iaHXqb4jORCS88IVQC2iz5H7T4=", "last_login": "2022-07-21T10:58:23Z", "is_superuser": true, "first_name": "", "last_name": "", "is_staff": true, "is_active": true, "date_joined": "2022-07-21T10:58:13Z", "phone": 79991112255, "email": "admin@admin.su", "username": "admin", "about": "", "gender": "M", "age": 7, "register_date": "2022-07-21T10:58:13.368Z", "groups": [], "user_permissions": []}}, {"model": "api.post", "pk": 3, "fields": {"text": "some simple test text", "author": 3, "pub_date": "2022-07-19T14:07:18.394Z"}}, {"model": "api.post", "pk": 4, "fields": {"text": "some simple test text new", "author": 3, "pub_date": "2022-07-19T14:07:19.024Z"}}, {"model": "api.post", "pk": 5, "fields": {"text": "some simple test text", "author": 3, "pub_date": "2022-07-19T14:07:19.666Z"}}, {"model": "api.post", "pk": 6, "fields": {"text": "some simple test text", "author": 3, "pub_date": "2022-07-19T14:07:20.176Z"}}, {"model": "api.post", "pk": 7, "fields": {"text": "some simple test text", "author": 3, "pub_date": "2022-07-20T07:13:22.660Z"}}, {"model": "api.post", "pk": 8, "fields": {"text": "some simple test text", "author": 3, "pub_date": "2022-07-20T07:19:22.250Z"}}, {"model": "api.post", "pk": 9, "fields": {"text": "some simple test text", "author": 3, "pub_date": "2022-07-20T07:23:13.642Z"}}, {"model": "api.post", "pk": 10, "fields": {"text": "some simple test text", "author": 3, "pub_date": "2022-07-20T07:40:16.185Z"}}, {"model": "api.post", "pk": 11, "fields": {"text": "some simple test text", "author": 3, "pub_date": "2022-07-20T07:40:36.726Z"}}, {"model": "api.post", "pk": 12, "fields": {"text": "some simple test text", "author": 3, "pub_date": "2022-07-20T07:43:24.633Z"}}, {"model": "api.post", "pk": 13, "fields": {"text": "some simple test text", "author": 3, "pub_date": "2022-07-20T07:54:02.101Z"}}, {"model": "api.post", "pk": 14, "fields": {"text": "some simple test text", "author": 3, "pub_date": "2022-07-20T07:55:27.352Z"}}, {"model": "api.post", "pk": 15, "fields": {"text": "some simple test text", "author": 3, "pub_date": "2022-07-20T07:59:24.334Z"}}, {"model": "api.post", "pk": 16, "fields": {"text": "some simple test text", "author": 3, "pub_date": "2022-07-20T08:02:49.527Z"}}, {"model": "api.post", "pk": 17, "fields": {"text": "some simple test text", "author": 3, "pub_date": "2022-07-20T08:03:20.567Z"}}, {"model": "api.post", "pk": 18, "fields": {"text": "some simple test text", "author": 3, "pub_date": "2022-07-20T08:03:46.965Z"}}, {"model": "api.post", "pk": 19, "fields": {"text": "some simple test text", "author": 3, "pub_date": "2022-07-20T08:05:25.609Z"}}, {"model": "api.post", "pk": 20, "fields": {"text": "some simple test text", "author": 3, "pub_date": "2022-07-20T08:10:08.179Z"}}, {"model": "api.post", "pk": 21, "fields": {"text": "some simple test text", "author": 3, "pub_date": "2022-07-20T08:12:52.452Z"}}, {"model": "api.post", "pk": 23, "fields": {"text": "some simple test text", "author": 2, "pub_date": "2022-07-20T08:53:59.305Z"}}, {"model": "api.post", "pk": 24, "fields": {"text": "some simple test text", "author": 2, "pub_date": "2022-07-20T08:54:09.170Z"}}, {"model": "api.post", "pk": 25, "fields": {"text": "some simple test text", "author": 2, "pub_date": "2022-07-20T09:35:52.281Z"}}, {"model": "api.post", "pk": 26, "fields": {"text": "text", "author": 2, "pub_date": "2022-07-21T09:59:32.103Z"}}, {"model": "api.postimage", "pk": 1, "fields": {"post": 14, "image": "posts/admin_image_5f4671ab0111.gif"}}, {"model": "api.postimage", "pk": 2, "fields": {"post": 14, "image": "posts/admin_image_f3405ab42266.gif"}}, {"model": "api.postimage", "pk": 3, "fields": {"post": 14, "image": "posts/admin_image_d3250df6e836.jpg"}}, {"model": "api.postimage", "pk": 4, "fields": {"post": 15, "image": "posts/admin_image_bb8ecdd3e6d1.gif"}}, {"model": "api.postimage", "pk": 5, "fields": {"post": 15, "image": "posts/admin_image_8fd404656c82.gif"}}, {"model": "api.postimage", "pk": 6, "fields": {"post": 15, "image": "posts/admin_image_b8fe36f1282b.jpg"}}, {"model": "api.postimage", "pk": 7, "fields": {"post": 16, "image": "posts/admin_image_6bf71c9b2811.gif"}}, {"model": "api.postimage", "pk": 8, "fields": {"post": 16, "image": "posts/admin_image_b04d14bde9e5.gif"}}, {"model": "api.postimage", "pk": 9, "fields": {"post": 16, "image": "posts/admin_image_3236ef4d60ba.jpg"}}, {"model": "api.postimage", "pk": 10, "fields": {"post": 17, "image": "posts/admin_image_d3493f24976a.gif"}}, {"model": "api.postimage", "pk": 11, "fields": {"post": 17, "image": "posts/admin_image_567e1b83ad63.gif"}}, {"model": "api.postimage", "pk": 12, "fields": {"post": 17, "image": "posts/admin_image_a0e8b04c63e4.jpg"}}, {"model": "api.postimage", "pk": 13, "fields": {"post": 18, "image": "posts/admin_image_050a10f8b300.gif"}}, {"model": "api.postimage", "pk": 14, "fields": {"post": 18, "image": "posts/admin_image_3175fd0d1133.gif"}}, {"model": "api.postimage", "pk": 15, "fields": {"post": 18, "image": "posts/admin_image_306c188157e5.jpg"}}, {"model": "api.postimage", "pk": 22, "fields": {"post": 19, "image": "posts/admin_image_841b0d194e5e.gif"}}, {"model": "api.postimage", "pk": 23, "fields": {"post": 19, "image": "posts/admin_image_d6ad7406f5e6.gif"}}, {"model": "api.postimage", "pk": 24, "fields": {"post": 19, "image": "posts/admin_image_fe4752c25587.jpg"}}, {"model": "api.postimage", "pk": 25, "fields": {"post": 19, "image": "posts/admin_image_841b0d194e5e.gif"}}, {"model": "api.postimage", "pk": 26, "fields": {"post": 19, "image": "posts/admin_image_d6ad7406f5e6.gif"}}, {"model": "api.postimage", "pk": 27, "fields": {"post": 19, "image": "posts/admin_image_fe4752c25587.jpg"}}, {"model": "api.postimage", "pk": 28, "fields": {"post": 20, "image": "posts/admin_image_695c71b91da2.gif"}}, {"model": "api.postimage", "pk": 29, "fields": {"post": 20, "image": "posts/admin_image_6cae282a73a3.gif"}}, {"model": "api.postimage", "pk": 30, "fields": {"post": 20, "image": "posts/admin_image_b7bfc057bafe.jpg"}}, {"model": "api.postimage", "pk": 37, "fields": {"post": 21, "image": "posts/admin_image_02136ad0ad4b.gif"}}, {"model": "api.postimage", "pk": 38, "fields": {"post": 21, "image": "posts/admin_image_c8b8b1196f88.gif"}}, {"model": "api.postimage", "pk": 39, "fields": {"post": 21, "image": "posts/admin_image_74471a81ed9f.jpg"}}, {"model": "api.postimage", "pk": 43, "fields": {"post": 23, "image": "posts/user_image_07297e1247cc.gif"}}, {"model": "api.postimage", "pk": 44, "fields": {"post": 23, "image": "posts/user_image_ffeb698486aa.gif"}}, {"model": "api.postimage", "pk": 45, "fields": {"post": 23, "image": "posts/user_image_8547ec91a435.jpg"}}, {"model": "api.postimage", "pk": 46, "fields": {"post": 24, "image": "posts/user_image_be03de1314e9.gif"}}, {"model": "api.postimage", "pk": 47, "fields": {"post": 24, "image": "posts/user_image_ce8218607ba5.gif"}}, {"model": "api.postimage", "pk": 48, "fields": {"post": 24, "image": "posts/user_image_737f4201b326.jpg"}}, {"model": "api.postimage", "pk": 55, "fields": {"post": 5, "image": "posts/admin_image_a4d3501e4889.gif"}}, {"model": "api.postimage", "pk": 56, "fields": {"post": 5, "image": "posts/admin_image_3a2d75a103b1.gif"}}, {"model": "api.postimage", "pk": 57, "fields": {"post": 5, "image": "posts/admin_image_10b1b6a106bd.jpg"}}, {"model": "api.postimage", "pk": 61, "fields": {"post": 3, "image": "posts/admin_image_76891c10db6f.gif"}}, {"model": "api.postimage", "pk": 62, "fields": {"post": 3, "image": "posts/admin_image_da8791864dc8.gif"}}, {"model": "api.postimage", "pk": 63, "fields": {"post": 3, "image": "posts/admin_image_3103043a8205.jpg"}}, {"model": "api.postimage", "pk": 64, "fields": {"post": 6, "image": "posts/admin_image_806dccf790b5.gif"}}, {"model": "api.postimage", "pk": 65, "fields": {"post": 6, "image": "posts/admin_image_1b244bf41f89.gif"}}, {"model": "api.postimage", "pk": 66, "fields": {"post": 6, "image": "posts/admin_image_9c91b9b8c2a9.jpg"}}, {"model": "api.postimage", "pk": 67, "fields": {"post": 25, "image": "posts/user_image_c1f33b948eb7.gif"}}, {"model": "api.postimage", "pk": 68, "fields": {"post": 25, "image": "posts/user_image_985d826ea159.gif"}}, {"model": "api.postimage", "pk": 69, "fields": {"post": 25, "image": "posts/user_image_e3fa136a1263.jpg"}}, {"model": "api.postimage", "pk": 76, "fields": {"post": 4, "image": "posts/admin_image_182333e96266.gif"}}, {"model": "api.postimage", "pk": 77, "fields": {"post": 4, "image": "posts/admin_image_36e95825e0ad.jpg"}}, {"model": "api.postimage", "pk": 78, "fields": {"post": 26, "image": "posts/picture_of_the_day_orion.jpg"}}]